<?xml version="1.0" encoding="UTF-8"?>
<root BTCPP_format="4">
    <BehaviorTree ID="dummy_main">
        <Sequence>
            <!-- <Script code="@location := 'door_in_guestroom'"/>
            <SubTree ID="GoTo" node="{@node}" location="{@location}" lifecycle="{@lifecycle}"/> -->
            <SubTree ID="FindObjects" node="{@node}" lifecycle="{@lifecycle}"/>
            <Script code="@location := 'dinningroom'"/>
            <SubTree ID="GoTo" node="{@node}" location="{@location}" lifecycle="{@lifecycle}"/>
        </Sequence>
    </BehaviorTree>
</root>